"Protein Number","Protein Description","Peptide","Start","End","Combined Score","Immunogenicity Score","Peptide core","Median Percentile Rank (7-allele)","HLA-DRB1:03:01","HLA-DRB1:07:01","HLA-DRB1:15:01","HLA-DRB3:01:01","HLA-DRB3:02:02","HLA-DRB4:01:01","HLA-DRB5:01:01"
"3","seq3","SDAQITASSYFTNMF","1","15","66.33288","96.8322","ITASSYFTN","46.0","75.0","8.5","39.0","23.0","46.0","80.0","72.0"
"3","seq3","TASSYFTNMFATWSP","6","20","59.36656","95.9164","TNMFATWSP","35.0","93.0","49.0","35.0","34.0","9.1","75.0","18.0"
"4","seq4","SYFTNMFATWSPSKA","1","15","63.2608","95.152","FTNMFATWS","42.0","71.0","38.0","42.0","47.0","7.3","44.0","17.0"
"4","seq4","MFATWSPSKARLHLQ","6","20","69.8202","93.5505","FATWSPSKA","54.0","54.0","14.0","54.0","60.0","8.0","69.0","13.0"
"5","seq5","TWSPSKARLHLQGRS","1","15","61.83824","99.0956","WSPSKARLH","37.0","84.0","34.0","80.0","74.0","33.0","37.0","26.0"
"5","seq5","KARLHLQGRSNAWRP","6","20","53.6584","87.646","LHLQGRSNA","31.0","50.0","57.0","31.0","89.0","28.0","28.0","30.0"
"6","seq6","LHLQGRSNAWRPQVN","1","15","69.57288","77.9322","LHLQGRSNA","64.0","84.0","68.0","51.0","81.0","45.0","64.0","47.0"
"8","seq8","PKEWLQVDFQKTMKV","1","15","60.50696","89.7674","LQVDFQKTM","41.0","7.3","69.0","62.0","5.3","42.0","20.0","41.0"
"8","seq8","QVDFQKTMKVTGVTT","6","20","57.705","69.2625","FQKTMKVTG","50.0","43.0","48.0","62.0","79.0","51.0","33.0","50.0"
"9","seq9","FQKTMKVTGVTTQGV","1","15","69.251","77.1275","TMKVTGVTT","64.0","72.0","48.0","68.0","86.0","49.0","35.0","64.0"
"10","seq10","GVTTQGVKSLLTSMY","1","15","60.87648","96.6912","GVTTQGVKS","37.0","37.0","15.0","34.0","70.0","54.0","41.0","36.0"
"10","seq10","GVKSLLTSMYVKEFL","6","20","54.68132","94.7033","TSMYVKEFL","28.0","28.0","24.0","6.5","46.0","25.0","31.0","28.0"
"11","seq11","SLLTSMYVKEFLISS","1","15","56.46728","96.1682","TSMYVKEFL","30.0","41.0","30.0","17.0","17.0","47.0","41.0","30.0"
"11","seq11","MYVKEFLISSSQDGH","6","20","56.09496","96.7374","FLISSSQDG","29.0","30.0","23.0","29.0","35.0","7.2","10.0","37.0"
"12","seq12","KEFLISSSQDGHQWT","1","15","53.17816","93.9454","FLISSSQDG","26.0","25.0","26.0","62.0","46.0","7.6","21.0","38.0"
"13","seq13","QWTLFFQNGKVKVFQ","6","20","41.218","74.545","TLFFQNGKV","19.0","26.0","22.0","5.6","19.0","1.7","68.0","8.8"
"14","seq14","LFFQNGKVKVFQGNQ","1","15","57.05288","96.1322","LFFQNGKVK","31.0","31.0","29.0","58.0","35.0","3.3","50.0","17.0"
"14","seq14","GKVKVFQGNQDSFTP","6","20","65.65056","98.1264","VKVFQGNQD","44.0","52.0","59.0","16.0","44.0","17.0","28.0","75.0"
"16","seq16","SFTPVVNSLDPPLLT","1","15","57.1022","97.7555","PVVNSLDPP","30.0","33.0","38.0","26.0","22.0","25.0","30.0","45.0"
"16","seq16","VNSLDPPLLTRYLRI","6","20","62.79324","99.9831","VNSLDPPLL","38.0","31.0","16.0","38.0","44.0","41.0","33.0","63.0"
"17","seq17","LDPPLLTRYLRIHPQ","1","15","62.641","93.6025","LTRYLRIHP","42.0","62.0","22.0","4.1","80.0","42.0","13.0","65.0"
"17","seq17","LTRYLRIHPQSWVHQ","6","20","44.68276","95.2069","TRYLRIHPQ","11.0","40.0","15.0","5.2","21.0","5.7","11.0","8.8"
"18","seq18","YLRIHPQSWVHQIAL","1","15","50.75068","98.3767","LRIHPQSWV","19.0","38.0","11.0","24.0","50.0","17.0","16.0","19.0"
"18","seq18","PQSWVHQIALRMEVL","6","20","46.12308","95.8077","WVHQIALRM","13.0","26.0","11.0","19.0","18.0","4.4","6.7","13.0"
"19","seq19","WVHQIALRMEVLGCE","1","15","54.4022","95.5055","HQIALRMEV","27.0","43.0","37.0","27.0","27.0","24.0","12.0","14.0"
"19","seq19","ALRMEVLGCEAQDLY","6","20","69.64516","97.6129","LRMEVLGCE","51.0","37.0","74.0","51.0","27.0","73.0","21.0","83.0"
"20","seq20","SYFTNMFPTWSPSKA","1","15","66.72244","93.3061","FTNMFPTWS","49.0","81.0","46.0","53.0","49.0","8.7","53.0","22.0"
"21","seq21","SGPLKAEIAQKLEDV","1","15","51.59032","95.9758","LKAEIAQKL","22.0","34.0","22.0","57.0","7.9","36.0","7.9","21.0"
"22","seq22","RMVLSAFDERRNRYL","1","15","53.65904","92.1476","SAFDERRNR","28.0","5.1","18.0","36.0","51.0","55.0","28.0","16.0"
"24","seq24","PRMCSLMQGSTLPRR","1","15","55.70052","98.7513","CSLMQGSTL","27.0","15.0","47.0","36.0","85.0","26.0","27.0","23.0"
"25","seq25","GVGTMVMELIRMIKR","1","15","39.60888","79.5222","MVMELIRMI","13.0","13.0","43.0","20.0","9.7","25.0","1.7","5.7"
"25","seq25","VMELIRMIKRGINDR","6","20","28.291","59.0275","LIRMIKRGI","7.8","7.8","31.0","5.7","76.0","21.0","3.7","5.7"
"26","seq26","SLVGIDPFRLLQNSQ","1","15","47.94744","98.8686","LVGIDPFRL","14.0","8.8","28.0","13.0","14.0","34.0","26.0","13.0"
"26","seq26","DPFRLLQNSQVFSLI","6","20","40.61312","89.8328","FRLLQNSQV","7.8","16.0","6.1","7.8","17.0","2.3","5.7","22.0"
"27","seq27","ASAGQISVQPTFSVQ","1","15","59.487","99.2175","ISVQPTFSV","33.0","65.0","43.0","20.0","33.0","32.0","8.7","50.0"
"27","seq27","ISVQPTFSVQRNLPF","6","20","46.50552","96.7638","TFSVQRNLP","13.0","41.0","7.1","19.0","13.0","11.0","8.7","13.0"
"28","seq28","RTEIIRMMESARPED","1","15","47.3364","97.341","IRMMESARP","14.0","20.0","66.0","7.1","64.0","14.0","1.9","11.0"
"29","seq29","RTFFLTQGALLNDKH","6","20","49.5674","93.9185","FFLTQGALL","20.0","71.0","0.76","46.0","20.0","2.9","20.0","5.5"
"30","seq30","VPEWSYIVEKANPVN","1","15","43.451","92.1275","YIVEKANPV","11.0","65.0","8.4","48.0","4.6","1.4","21.0","11.0"
"30","seq30","YIVEKANPVNDLCYP","6","20","54.50708","97.2677","YIVEKANPV","26.0","72.0","20.0","56.0","20.0","5.5","30.0","26.0"
"31","seq31","YQGKSSFFRNVVWLI","1","15","39.66808","85.9702","SFFRNVVWL","8.8","40.0","4.1","15.0","4.9","3.2","59.0","8.8"
"31","seq31","SFFRNVVWLIKKNST","6","20","33.15432","66.3858","VWLIKKNST","11.0","17.0","6.2","40.0","11.0","3.2","40.0","1.4"
"32","seq32","NAELLVLMENERTLD","1","15","48.59816","92.9954","LVLMENERT","19.0","12.0","64.0","6.7","29.0","19.0","18.0","22.0"
"33","seq33","VKLYKKLKREITFHG","1","15","33.98864","51.9716","YKKLKREIT","22.0","21.0","53.0","12.0","49.0","36.0","14.0","22.0"
"33","seq33","KLKREITFHGAKEVA","6","20","56.06132","90.6533","LKREITFHG","33.0","52.0","28.0","28.0","48.0","33.0","27.0","47.0"
"34","seq34","EAMEIANQARQMVQA","1","15","63.5972","92.993","IANQARQMV","44.0","44.0","65.0","52.0","37.0","11.0","17.0","51.0"
"34","seq34","ANQARQMVQAMRTIG","6","20","57.8796","96.699","MVQAMRTIG","32.0","21.0","32.0","39.0","70.0","34.0","14.0","20.0"
"35","seq35","ARQMVQAMRTIGTHP","1","15","52.0866","97.2165","MVQAMRTIG","22.0","14.0","38.0","17.0","78.0","27.0","11.0","22.0"
"35","seq35","QAMRTIGTHPNSSAG","6","20","67.62264","97.0566","MRTIGTHPN","48.0","70.0","46.0","54.0","81.0","28.0","44.0","48.0"
"36","seq36","VRELILYDKEEIRRI","1","15","54.3886","95.4715","VRELILYDK","27.0","0.5","49.0","27.0","4.3","45.0","27.0","23.0"
"36","seq36","LYDKEEIRRIWRQAN","6","20","64.01684","95.5421","IRRIWRQAN","43.0","43.0","50.0","45.0","29.0","43.0","14.0","32.0"
"37","seq37","KEEIRRIWRQANNGE","1","15","67.88056","87.2014","RIWRQANNG","55.0","67.0","64.0","36.0","77.0","31.0","11.0","55.0"
"38","seq38","LIRMIKRGINDRNFW","1","15","36.86752","75.6688","IRMIKRGIN","11.0","11.0","38.0","7.8","38.0","15.0","11.0","7.4"
"39","seq39","NTLELRSRYWAIRTR","1","15","51.07344","91.6836","LRSRYWAIR","24.0","44.0","19.0","9.9","38.0","24.0","47.0","13.0"
"39","seq39","RSRYWAIRTRSGGNT","6","20","55.36036","96.4009","YWAIRTRSG","28.0","59.0","28.0","24.0","63.0","18.0","54.0","22.0"
"40","seq40","QASHKIFKMEKGKVV","6","20","24.25516","48.4879","FKMEKGKVV","8.1","28.0","7.3","8.1","3.2","13.0","16.0","4.0"
"41","seq41","HKIFKMEKGKVVKSV","1","15","28.1756","61.139","FKMEKGKVV","6.2","20.0","9.2","6.2","3.2","4.1","15.0","2.3"
"41","seq41","MEKGKVVKSVELDAP","6","20","62.08352","96.7088","GKVVKSVEL","39.0","18.0","14.0","39.0","77.0","72.0","27.0","69.0"
"42","seq42","IRPCFWVELIRGRPK","6","20","66.56136","95.9034","FWVELIRGR","47.0","49.0","52.0","20.0","48.0","47.0","29.0","2.9"
"43","seq43","CFWVELIRGRPKEST","1","15","63.2122","95.0305","FWVELIRGR","42.0","23.0","42.0","25.0","75.0","43.0","57.0","2.6"
"44","seq44","APEYAYKIVKKGDST","1","15","61.31788","75.2947","YAYKIVKKG","52.0","80.0","52.0","52.0","80.0","58.0","46.0","6.9"
"44","seq44","YKIVKKGDSTIMKSE","6","20","53.914","80.785","YKIVKKGDS","36.0","16.0","36.0","36.0","39.0","31.0","60.0","25.0"
"45","seq45","LTIGECPKYVKSNRL","1","15","67.2308","97.577","PKYVKSNRL","47.0","47.0","25.0","43.0","76.0","65.0","81.0","37.0"
"45","seq45","CPKYVKSNRLVLATG","6","20","42.715","94.0375","PKYVKSNRL","8.5","6.9","6.7","8.5","21.0","1.9","30.0","20.0"
"48","seq48","TYVLSIIPSGPLKAE","1","15","41.24836","95.6209","IIPSGPLKA","5.0","4.5","5.0","0.49","47.0","1.9","13.0","12.0"
"48","seq48","IIPSGPLKAEIAQKL","6","20","49.98804","91.9701","LKAEIAQKL","22.0","22.0","16.0","31.0","12.0","26.0","7.9","30.0"
"49","seq49","DLEALMEWLKTRPIL","6","20","54.06108","90.1527","MEWLKTRPI","30.0","60.0","4.7","16.0","63.0","30.0","26.0","33.0"
"50","seq50","ALMEWLKTRPILSPL","1","15","45.0256","91.564","MEWLKTRPI","14.0","47.0","3.3","14.0","50.0","5.2","11.0","23.0"
"50","seq50","LKTRPILSPLTKGIL","6","20","63.43112","98.5778","RPILSPLTK","40.0","59.0","35.0","22.0","43.0","40.0","41.0","36.0"
"51","seq51","SHRQMATITNPLIRH","1","15","44.64856","80.1214","MATITNPLI","21.0","30.0","13.0","13.0","51.0","5.9","21.0","39.0"
"51","seq51","ATITNPLIRHENRMV","6","20","49.44708","83.1177","LIRHENRMV","27.0","27.0","18.0","4.7","60.0","15.0","37.0","41.0"
"52","seq52","MIWHSNLNDATYQRT","1","15","68.954","95.885","IWHSNLNDA","51.0","51.0","77.0","79.0","26.0","4.3","49.0","82.0"
"52","seq52","NLNDATYQRTRALVR","6","20","52.66788","95.6697","TYQRTRALV","24.0","35.0","6.2","46.0","24.0","17.0","77.0","0.68"
"53","seq53","DATYQRTRALVRTGM","1","15","53.04428","96.6107","TRALVRTGM","24.0","24.0","8.2","46.0","74.0","8.8","50.0","0.68"
"53","seq53","RTRALVRTGMDPRMC","6","20","61.75948","97.3987","TRALVRTGM","38.0","28.0","56.0","56.0","47.0","38.0","14.0","37.0"
"54","seq54","IFLARSALILRGSVA","1","15","47.89728","97.2432","SALILRGSV","15.0","28.0","2.7","6.5","32.0","9.1","15.0","18.0"
"54","seq54","SALILRGSVAHKSCL","6","20","42.86868","86.1717","LRGSVAHKS","14.0","29.0","11.0","14.0","65.0","4.9","35.0","12.0"
"55","seq55","ILRGSVAHKSCLPAC","1","15","64.88808","96.2202","LRGSVAHKS","44.0","56.0","11.0","44.0","76.0","17.0","66.0","20.0"
"56","seq56","SQLVWMACHSAAFED","6","20","50.27044","89.6761","SQLVWMACH","24.0","61.0","24.0","30.0","7.8","20.0","22.0","29.0"
"57","seq57","PINGWAVYSKDNSIR","1","15","64.11184","91.2796","WAVYSKDNS","46.0","50.0","28.0","54.0","46.0","32.0","75.0","36.0"
"57","seq57","AVYSKDNSIRIGSKG","6","20","42.4204","89.551","YSKDNSIRI","11.0","11.0","9.3","51.0","0.12","4.5","77.0","41.0"
"58","seq58","FLTQGALLNDKHSNG","1","15","69.98348","95.4587","LLNDKHSNG","53.0","29.0","84.0","69.0","53.0","40.0","80.0","35.0"
"59","seq59","NGKLCDLDGVKPLIL","6","20","60.76372","97.9093","GKLCDLDGV","36.0","16.0","12.0","50.0","21.0","62.0","48.0","36.0"
"60","seq60","AINFESNGNFIAPEY","6","20","67.85216","97.6304","INFESNGNF","48.0","66.0","43.0","48.0","15.0","1.1","77.0","65.0"
"61","seq61","PMGAINSSMPFHNIH","1","15","58.37624","97.9406","INSSMPFHN","32.0","35.0","35.0","32.0","19.0","9.0","14.0","36.0"
"61","seq61","NSSMPFHNIHPLTIG","6","20","55.28912","96.2228","HNIHPLTIG","28.0","65.0","1.5","34.0","28.0","8.6","36.0","2.8"
"62","seq62","MPFHNIHPLTIGECP","1","15","62.7356","95.339","HNIHPLTIG","41.0","73.0","3.3","41.0","43.0","14.0","41.0","2.9"
"63","seq63","GFLDVWTYNAELLVL","1","15","54.51808","88.2952","FLDVWTYNA","32.0","66.0","32.0","19.0","15.0","7.6","86.0","39.0"
"64","seq64","MEKIVLLFAIVSLVK","1","15","41.99748","98.2437","VLLFAIVSL","4.5","14.0","4.5","1.8","29.0","54.0","3.8","3.2"
"64","seq64","LLFAIVSLVKSDQIC","6","20","47.60332","92.0083","FAIVSLVKS","18.0","30.0","5.6","18.0","37.0","39.0","4.6","12.0"
"65","seq65","AIVSLVKSDQICIGY","1","15","47.34916","94.3729","VSLVKSDQI","16.0","7.1","7.6","16.0","22.0","26.0","4.6","46.0"
"66","seq66","DQICIGYHANNSTEQ","1","15","69.8844","93.711","IGYHANNST","54.0","71.0","54.0","22.0","50.0","15.0","64.0","63.0"
"68","seq68","KNVTVTHAQDILEKK","6","20","69.939","98.3475","HAQDILEKK","51.0","51.0","3.5","85.0","54.0","51.0","21.0","61.0"
"70","seq70","LCDLDGVKPLILRDC","1","15","62.11696","98.2924","VKPLILRDC","38.0","39.0","20.0","43.0","38.0","72.0","33.0","34.0"
"70","seq70","GVKPLILRDCSVAGW","6","20","54.11852","97.7963","ILRDCSVAG","25.0","8.9","70.0","25.0","21.0","16.0","44.0","78.0"
"71","seq71","PLILRDCSVAGWLLG","1","15","51.9036","98.259","ILRDCSVAG","21.0","6.6","18.0","25.0","21.0","12.0","63.0","69.0"
"73","seq73","PMCDEFINVPEWSYI","1","15","63.35336","98.3834","EFINVPEWS","40.0","50.0","40.0","55.0","24.0","29.0","74.0","33.0"
"76","seq76","DYEELKHLLSRINHF","1","15","44.70612","84.7653","KHLLSRINH","18.0","62.0","13.0","9.3","60.0","20.0","8.6","18.0"
"76","seq76","KHLLSRINHFEKIQI","6","20","47.61616","87.5404","KHLLSRINH","21.0","31.0","21.0","7.2","33.0","11.0","22.0","11.0"
"77","seq77","LSRINHFEKIQIIPK","1","15","50.88236","97.2059","LSRINHFEK","20.0","31.0","24.0","20.0","40.0","20.0","6.7","5.7"
"77","seq77","HFEKIQIIPKSSWSS","6","20","60.28428","95.2107","EKIQIIPKS","37.0","47.0","48.0","37.0","63.0","25.0","7.1","4.6"
"78","seq78","KIQIIPKSSWSSHEA","1","15","67.36788","97.9197","IQIIPKSSW","47.0","56.0","54.0","37.0","77.0","29.0","36.0","47.0"
"79","seq79","EASLGVSSACPYQGK","6","20","65.4258","99.0645","ASLGVSSAC","43.0","33.0","28.0","70.0","77.0","40.0","87.0","43.0"
"81","seq81","RNVVWLIKKNSTYPT","1","15","45.08808","81.2202","VWLIKKNST","21.0","21.0","37.0","21.0","43.0","3.8","9.8","18.0"
"81","seq81","LIKKNSTYPTIKRSY","6","20","66.5338","95.8345","IKKNSTYPT","47.0","47.0","49.0","47.0","60.0","2.2","83.0","40.0"
"82","seq82","PTIKRSYNNTNQEDL","6","20","48.05868","51.1467","IKRSYNNTN","46.0","53.0","38.0","40.0","58.0","15.0","46.0","46.0"
"83","seq83","NTNQEDLLVLWGIHH","6","20","63.313","96.7825","LLVLWGIHH","41.0","66.0","74.0","9.6","41.0","84.0","33.0","40.0"
"84","seq84","QEDLLVLWGIHHPND","1","15","67.059","97.1475","LLVLWGIHH","47.0","47.0","59.0","6.4","67.0","51.0","15.0","31.0"
"86","seq86","AEQTKLYQNPTTYIS","1","15","57.72216","94.8054","TKLYQNPTT","33.0","47.0","33.0","14.0","14.0","1.7","37.0","59.0"
"86","seq86","LYQNPTTYISVGTST","6","20","65.4504","97.626","LYQNPTTYI","44.0","82.0","40.0","44.0","36.0","15.0","87.0","78.0"
"87","seq87","NPTTYISVGTSTLNQ","1","15","67.41944","96.5486","YISVGTSTL","48.0","70.0","11.0","48.0","58.0","12.0","83.0","19.0"
"87","seq87","ISVGTSTLNQRLVPR","6","20","64.86096","94.6524","TSTLNQRLV","45.0","31.0","33.0","68.0","89.0","45.0","25.0","65.0"
"88","seq88","GTSTLNQRLVPRIAT","1","15","59.48536","94.7134","QRLVPRIAT","36.0","32.0","36.0","41.0","77.0","35.0","22.0","62.0"
"88","seq88","NQRLVPRIATRSKVN","6","20","55.7256","95.814","LVPRIATRS","29.0","30.0","29.0","26.0","77.0","15.0","42.0","7.1"
"89","seq89","LVPRIATRSKVNGQS","1","15","64.18504","92.9626","LVPRIATRS","45.0","48.0","44.0","59.0","80.0","45.0","45.0","26.0"
"90","seq90","QSGRMEFFWTILKPN","6","20","61.65284","94.1321","MEFFWTILK","40.0","65.0","44.0","21.0","40.0","27.0","56.0","31.0"
"91","seq91","RMEFFWTILKPNDAI","1","15","48.4778","89.6945","WTILKPNDA","21.0","59.0","21.0","18.0","45.0","8.3","19.0","22.0"
"91","seq91","WTILKPNDAINFESN","6","20","52.05844","85.1461","WTILKPNDA","30.0","44.0","48.0","30.0","6.0","3.9","21.0","56.0"
"92","seq92","FESNGNFIAPEYAYK","1","15","64.51264","96.7816","FESNGNFIA","43.0","82.0","73.0","43.0","40.0","16.0","69.0","31.0"
"92","seq92","NFIAPEYAYKIVKKG","6","20","44.96312","80.9078","YAYKIVKKG","21.0","60.0","32.0","15.0","11.0","21.0","69.0","7.9"
"96","seq96","YVKSNRLVLATGLRN","1","15","46.65636","95.6409","RLVLATGLR","14.0","19.0","8.2","14.0","48.0","3.3","22.0","9.3"
"96","seq96","RLVLATGLRNSPQRE","6","20","63.12292","97.8073","RLVLATGLR","40.0","44.0","40.0","43.0","93.0","12.0","39.0","18.0"
"98","seq98","RRKKRGLFGAIAGFI","6","20","65.59564","97.9891","KRGLFGAIA","44.0","67.0","18.0","42.0","46.0","44.0","63.0","26.0"
"99","seq99","KRGLFGAIAGFIEGG","1","15","66.85144","98.1286","FGAIAGFIE","46.0","69.0","18.0","38.0","47.0","46.0","62.0","19.0"